Firm,Email,First Name,Country,Priority,Batch
Zero Day CPA,info@zerodaycpa.com,,United States,Boutique,1
MJD Advisors,info@mjd.cpa,,United States,Boutique,1
Sage Audits,info@sageaudits.com,,United States,Boutique,1
Johanson Group,support@johansonllp.com,,United States,Boutique,1
Insight Assurance,info@insightassurance.com,,United States,Boutique,1
Prescient Assurance,info@prescientassurance.com,,United States,Boutique,1
Render Compliance,contact@rendercompliance.com,,United States,Boutique,1
AssurancePoint,info@assurancepoint.cpa,,United States,Boutique,1
Atom Assurances,info@atomaudits.com,,United States,Boutique,1
Geels Norton,hello@geelsnorton.com,,United States,Boutique,1
Sentry Assurance,contact@sentryassurance.com,,United States,Boutique,1
Constellation GRC,contact@constellationgrc.com,,United States,Boutique,1
Oread Risk & Advisory,info@oreadrisk.com,,United States,Boutique,1
MHM Professional Corp,mhm@mhmcpa.ca,,Canada,Boutique,1
360 Advanced,info@360advanced.com,,United States,Mid-size,1
BARR Advisory,info@barradvisory.com,,United States,Mid-size,1
IS Partners,info@ispartnersllc.com,,United States,Mid-size,1
Boulay,learnmore@boulaygroup.com,,United States,Mid-size,1
Auditwerx,info@auditwerx.com,,United States,Mid-size,1
Pease Bell CPAs,info@peasebell.com,,United States,Mid-size,1
SAV Associates,info@savassociates.ca,,Canada,Boutique,2
Audit Peak,info@auditpeak.com,,United States,Boutique,2
CAS Assurance,info@casassurance.com,,United States,Boutique,2
RS Assurance & Advisory,info@rsassure.com,,United States,Boutique,2
CertPro,contact@certpro.com,,United States,Boutique,2
Accorp Partners,support@accorppartners.com,,United States,Boutique,2
AARC-360,info@aarc-360.com,,United States,Boutique,2
BD Emerson,info@bdemerson.com,,United States,Boutique,2
CyberCrest,sales@cybercrestcompliance.com,,United States,Boutique,2
Linford & Company,info@linfordco.com,,United States,Boutique,2
Drummond Group,sales@drummondgroup.com,,United States,Mid-size,2
Schneider Downs,contactsd@schneiderdowns.com,,United States,Mid-size,2
Wolf & Company,info@wolfandco.com,,United States,Mid-size,2
PYA,pyainfo@pyapc.com,,United States,Mid-size,2
LBMC,drew.hendrickson@lbmc.com,Drew,United States,Mid-size,2
